{"cameraMode":{"drawMode":0,"name":"Shaded","section":"Shading Mode"},"sceneLighting":true,"audioPlay":false,"sceneViewState":{"m_AlwaysRefresh":true,"showFog":true,"showSkybox":true,"showFlares":true,"showImageEffects":true,"showParticleSystems":true,"showVisualEffectGraphs":true,"m_FxEnabled":false},"in2DMode":false,"pivot":{"x":-14.85719108581543,"y":-15.071438789367676,"z":3.5709118843078615},"rotation":{"x":-0.18260134756565095,"y":0.6684104204177856,"z":-0.17445887625217439,"w":-0.6996079087257385},"size":24.236116409301759,"orthographic":false}