{"cameraMode":{"drawMode":0,"name":"Shaded","section":"Shading Mode"},"sceneLighting":true,"audioPlay":false,"sceneViewState":{"m_AlwaysRefresh":true,"showFog":true,"showSkybox":true,"showFlares":true,"showImageEffects":true,"showParticleSystems":true,"showVisualEffectGraphs":true,"m_FxEnabled":false},"in2DMode":false,"pivot":{"x":12.600667953491211,"y":2.1813344955444338,"z":2.6688122749328615},"rotation":{"x":0.09236414730548859,"y":-0.8513100147247315,"z":0.16000521183013917,"w":0.4911367893218994},"size":4.208283424377441,"orthographic":false}